Workbook
Name Anos_Investimento: Meus_Investimentos!$F$22
Name Aporte_inicial: Meus_Investimentos!$F$20
Name aporte_mensal: Meus_Investimentos!$F$21
Name Investimento_inicial: Meus_Investimentos!$F$20
Name investimento_mensal: Meus_Investimentos!$F$21
Name Porcentagem_salario: Meus_Investimentos!$R$22
Name Rendimento_mensal: Meus_Investimentos!$R$21
Name Salário: Meus_Investimentos!$R$20
Name Taxa_mensal: Meus_Investimentos!$F$23
Name Total_ganho: Meus_Investimentos!$N$26
Name Valor_recomendado: Meus_Investimentos!$R$23

Sheet Meus_Investimentos
B19: INVESTIMENTO MENSAL | M19: INFORMAÇÕES
B20: Investimento inicial | F20: 7000 | M20: Meu salário mensal | R20: 1900
B21: Quanto vai investir por mês | F21: 500 | M21: Rendimento carteira | R21: 0.01
B22: Por quantos anos quer investir | F22: 2 | M22: Sugestão porcentagem salário | R22: 0.1
B23: Taxa de rendimento mensal | F23: 0.01079 | M23: Valor mensal para investir | R23: =R20*R22 -> 190
G26: TOTAL APÓS PERIODO | N26: =FV(Taxa_mensal,Anos_Investimento*12,-aporte_mensal,-Aporte_inicial,0) -> 22670.316
G27: DIVIDENDOS MENSAIS | N27: =Total_ganho*Rendimento_mensal -> 226.70316
F29: CENÁRIOS PRÉ DEFINIDOS | O29: DIVIDENDOS
F33: Valor após 2 anos | L33: =FV(Taxa_mensal,2*12,-aporte_mensal,-Aporte_inicial,0) -> 22670.316 | O33: =L33*$R$21 -> 226.70316
F34: Valor após 5 anos | L34: =FV(Taxa_mensal,5*12,-aporte_mensal,-Aporte_inicial,0) -> 55216.127 | O34: =L34*$R$21 -> 552.16127
F35: Valor após 10 anos | L35: =FV(Taxa_mensal,10*12,-aporte_mensal,-Aporte_inicial,0) -> 147017.36 | O35: =L35*$R$21 -> 1470.1736
F36: Valor após 20 anos | L36: =FV(Taxa_mensal,20*12,-aporte_mensal,-Aporte_inicial,0) -> 654585.44 | O36: =L36*$R$21 -> 6545.8544
F37: Valor após 30 anos | L37: =FV(Taxa_mensal,30*12,-aporte_mensal,-Aporte_inicial,0) -> 2494538.3 | O37: =L37*$R$21 -> 24945.383
F40: Perfil de investimento | O40: Agressivo
F41: Valor a ser investido por mês | O41: =aporte_mensal -> 500
F45: Tipos de FII | M45: Percentual sugerido | P45: Valores
F46: PAPEL | M46: =VLOOKUP($O$40&"-"&F46,Percentuais!$A$3:$D$21,4,FALSE) -> 0.3 | P46: =M46*$O$41 -> 150
F47: TIJOLO | M47: =VLOOKUP($O$40&"-"&F47,Percentuais!$A$3:$D$21,4,FALSE) -> 0.1 | P47: =M47*$O$41 -> 50
F48: HIBRIDOS | M48: =VLOOKUP($O$40&"-"&F48,Percentuais!$A$3:$D$21,4,FALSE) -> 0.1 | P48: =M48*$O$41 -> 50
F49: FOFs | M49: =VLOOKUP($O$40&"-"&F49,Percentuais!$A$3:$D$21,4,FALSE) -> 0.1 | P49: =M49*$O$41 -> 50
F50: DESENVOLVIMENTO | M50: =VLOOKUP($O$40&"-"&F50,Percentuais!$A$3:$D$21,4,FALSE) -> 0.2 | P50: =M50*$O$41 -> 100
F51: HOTELARIAS | M51: =VLOOKUP($O$40&"-"&F51,Percentuais!$A$3:$D$21,4,FALSE) -> 0.2 | P51: =M51*$O$41 -> 100
F52: TOTAL | P52: =SUM(P46:Q51) -> 500

Sheet Percentuais
A3: Chave | B3: Tipo de fii | C3: Perfil | D3: %
A4: =$C$4&"-"&B4 -> Conservador-PAPEL | B4: PAPEL | C4: Conservador | D4: 0.3
A5: =$C$4&"-"&B5 -> Conservador-TIJOLO | B5: TIJOLO | C5: Conservador | D5: 0.5
A6: =$C$4&"-"&B6 -> Conservador-HIBRIDOS | B6: HIBRIDOS | C6: Conservador | D6: 0.1
A7: =$C$4&"-"&B7 -> Conservador-FOFs | B7: FOFs | C7: Conservador | D7: 0.1
A8: =$C$4&"-"&B8 -> Conservador-DESENVOLVIMENTO | B8: DESENVOLVIMENTO | C8: Conservador | D8: 0
A9: =$C$4&"-"&B9 -> Conservador-HOTELARIAS | B9: HOTELARIAS | C9: Conservador | D9: 0
A10: =$C$10&"-"&B10 -> Agressivo-PAPEL | B10: PAPEL | C10: Agressivo | D10: 0.3
A11: =$C$10&"-"&B11 -> Agressivo-TIJOLO | B11: TIJOLO | C11: Agressivo | D11: 0.1
A12: =$C$10&"-"&B12 -> Agressivo-HIBRIDOS | B12: HIBRIDOS | C12: Agressivo | D12: 0.1
A13: =$C$10&"-"&B13 -> Agressivo-FOFs | B13: FOFs | C13: Agressivo | D13: 0.1
A14: =$C$10&"-"&B14 -> Agressivo-DESENVOLVIMENTO | B14: DESENVOLVIMENTO | C14: Agressivo | D14: 0.2
A15: =$C$10&"-"&B15 -> Agressivo-HOTELARIAS | B15: HOTELARIAS | C15: Agressivo | D15: 0.2
A16: =$C$16&"-"&B16 -> Moderado-PAPEL | B16: PAPEL | C16: Moderado | D16: 0.2
A17: =$C$16&"-"&B17 -> Moderado-TIJOLO | B17: TIJOLO | C17: Moderado | D17: 0.3
A18: =$C$16&"-"&B18 -> Moderado-HIBRIDOS | B18: HIBRIDOS | C18: Moderado | D18: 0.2
A19: =$C$16&"-"&B19 -> Moderado-FOFs | B19: FOFs | C19: Moderado | D19: 0.2
A20: =$C$16&"-"&B20 -> Moderado-DESENVOLVIMENTO | B20: DESENVOLVIMENTO | C20: Moderado | D20: 0.05
A21: =$C$16&"-"&B21 -> Moderado-HOTELARIAS | B21: HOTELARIAS | C21: Moderado | D21: 0.05
